Marketing_Channel,count,mean,std,min,25%,50%,75%,max
Email Marketing,124.0,132.91375842964638,89.59710729371514,23.491783927784155,68.22619518770054,106.9406215683627,177.44189780961008,434.3834455624725
Online Ads,130.0,122.13593815287545,79.54379266137713,24.784414227961886,62.20775269799644,97.73602689749916,163.46953951655172,386.75128535926274
Referral,128.0,119.89217430850613,74.10191648400787,22.01236393800532,71.3479388259476,99.83568804383964,137.57793532236147,366.5252089998591
Social Media,118.0,126.18191337134164,77.49878844410168,21.61645262123925,75.63338851186901,102.62035643267906,167.35470855981725,435.48734557286474
